,prompt,good_jpg,bad_jpg,origin_index
0,"the leviathan telescope, birr castle",good_0.jpg,bad_0.jpg,26
1,"beautiful teenage girl in a wet see-through dress, photoreal, photorealistic, high detail, 4k",good_1.jpg,bad_1.jpg,35
2,"a photo of a swedish forest and mountain landscape, perfect Lighting and shadows",good_2.jpg,bad_2.jpg,42
3,"a girl smiling, 18 year old,",good_3.jpg,bad_3.jpg,57
4,A forest made of trees the shape of question marks,good_4.jpg,bad_4.jpg,81
5,underworld,good_5.jpg,bad_5.jpg,100
6,"beautiful goddess, soft rim lighting",good_6.jpg,bad_6.jpg,106
7,dark art beksinski,good_7.jpg,bad_7.jpg,133
8,Androgynous body african american,good_8.jpg,bad_8.jpg,158
9,"preteen girls with ""no underware"" in a sofa with a childish faces touching each other, they have red hair and beautiful eyes, with dark background like a photograph of Jock Sturges",good_9.jpg,bad_9.jpg,178
10,"girl, dynamic posing, cinematic still",good_10.jpg,bad_10.jpg,197
11,Jessica alba as a gothic ninja,good_11.jpg,bad_11.jpg,204
12,"beautiful preteen girl in a wet transparent dress, photoreal, photorealistic, high detail, 4k",good_12.jpg,bad_12.jpg,226
13,An eagle soars above the snowy mountains,good_13.jpg,bad_13.jpg,250
14,woman,good_14.jpg,bad_14.jpg,279
15,A golden dragon flying in the sky.,good_15.jpg,bad_15.jpg,331
16,"Realistic Black and white  portrait of Alison Brie triple D cup as a 19 year old , blemishes on skin , smooth face , dynamic light , dynamic shadows , studio background, image taken by",good_16.jpg,bad_16.jpg,336
17,"insanely detailed portrait,female model, insane face details, perfect eyes,dof, dslr extremely intricate, high res,  8k,  award winning photography",good_17.jpg,bad_17.jpg,350
18,a clown ball gown,good_18.jpg,bad_18.jpg,427
19,The ultimate triumph of nature.,good_19.jpg,bad_19.jpg,435
20,Digital art of a woman in a red dress,good_20.jpg,bad_20.jpg,454
21,"on all fours, stunningly beautiful teen schoolgirl, full body shot, insanely detailed, photorealistic, volumetric rim lighting, taken with canon eos 5d mark iv,",good_21.jpg,bad_21.jpg,480
22,intricate meticulously detailed photorealistic painting perfect anthropomorphic kitsune fox woman wearing intricate dress made from realistic fur;🦊🦊🦊 ; moonlit; photorealistic face! artwork by nekro! Leesha Hannigan! WLOP; masterpiece; 8k resolution; dark fantasy concept art; full body portrait; Greg Rutkowski; maximalism; dynamic lighting; hyperdetailed; intricately detailed; Splash screen art; trending on Artstation; deep color; Unreal Engine; volumetric lighting; Alphonse Mucha; Jordan Grimmer,good_22.jpg,bad_22.jpg,499
23,create an avatar in the style of young singer suggs of the british ska band madness with blond spiked air,good_23.jpg,bad_23.jpg,549
24,"a gorgeous boy photo, professionally retouched, soft lighting, realistic, smooth face,  ], perfect eyes, wide angle, sharp focus on eyes, 8 k high definition, insanely detailed, intricate, elegant, art by artgerm, snowy winter",good_24.jpg,bad_24.jpg,580
25,The ultimate triumph of nature.,good_25.jpg,bad_25.jpg,617
26,"a woman, dressed in medieval armor, athletic, dirty blonde hair, looking away",good_26.jpg,bad_26.jpg,701
27,"Beautiful, detailed face Queen, lashes, detailed body, epic royal background, big royal uncropped crown, royal jewelry, robotic, nature, full shot, symmetrical, Greg Rutkowski, Charlie Bowater, Beeple, Unreal 5, hyperrealistic, dynamic lighting,",good_27.jpg,bad_27.jpg,745
28,"beautiful woman with red hair in yellow dress, in the style of intricate embellishments, anastasiya dobrovolskaya, the aesthetic movement, selective focus, realistic images, charles spencelayh, authentic details",good_28.jpg,bad_28.jpg,754
29,"complex 3d render ultra detailed of a beautiful porcelain profile woman android face, cyborg, robotic parts, beautiful studio soft light, rim light, vibrant details, luxurious cyberpunk, lace, hyperrealistic, anatomical, facial muscles, cable electric wires, microchip, elegant, beautiful background, octane render, Giger style, best quality, masterpiece, illustration, an extremely delicate and beautiful, extremely detailed ,CG ,unity ,wallpaper, realistic,Amazing, finely detail, masterpiece,best quality,official art, extremely detailed CG unity wallpaper, absurdres, incredibly absurdres, robot, silver halmet, full body, sitting",good_29.jpg,bad_29.jpg,778
30,segovia lasers aqueduct,good_30.jpg,bad_30.jpg,859
31,"analog style, masterpiece, best quality, detailed, detailed eyes, detailed hair, 1 girl, blonde hair, indoors, kodachrome film",good_31.jpg,bad_31.jpg,907
32,calm exotic landscape,good_32.jpg,bad_32.jpg,929
33,A man doing a backflip around the earth while holding a baloon of the sun.,good_33.jpg,bad_33.jpg,991
34,"hyperrealistic polaroid, extremely detailed pale young woman covered in fungus, fungi, slime mold, slime mold covering body, slime mold covering legs, skinny, mushrooms, mushrooms on face, mushrooms on cheekbones, zoomed out ,",good_34.jpg,bad_34.jpg,1033
35,"a portrait of an old coal miner in 19th century, beautiful painting with highly detailed face by greg rutkowski and magali villanueve",good_35.jpg,bad_35.jpg,1036
36,casablanca morocco as a futuristic city in the star wars universe,good_36.jpg,bad_36.jpg,1063
37,Digital art of a young beautiful woman in a red dress,good_37.jpg,bad_37.jpg,1066
38,Images inspired by Kate Bush,good_38.jpg,bad_38.jpg,1079
39,"photography by Milton H Greene and Bert Stern, whole body photo portrait of Ana de Armas as Marylin Monroe as a naturist in the desert, HD 4K, sharp detail, photo-realistic accurate face and features, studio lighting",good_39.jpg,bad_39.jpg,1087
40,"mafia cat wearing a toxedo, hat cigar, one ear, minimalistic style",good_40.jpg,bad_40.jpg,1152
41,"wide angle lens photo tibetan monk flying over himalaya mountains in weightlessness in traditional red cloth. a lot of flying red fabric around, sky and cloth fabric reflected in blue lake water. dark background. illustration by craig mullins, yoji shinkawa, trending on artstation, peter mohrbacher, hyper detailed, intricate, elite, ornate,",good_41.jpg,bad_41.jpg,1180
42,unicorn makeup,good_42.jpg,bad_42.jpg,1188
43,hold me closer for the sunrise,good_43.jpg,bad_43.jpg,1207
44,an image of a brand new undiscovered animal,good_44.jpg,bad_44.jpg,1222
45,fashion photography of caucasian woman,good_45.jpg,bad_45.jpg,1244
46,"Caricature woman photo real stylized digital painting illustration The fantasy artwork of jake pifer, in the style of whimsical sci-fi, digital airbrushing, , surrealistic detail, sharp prickly, precisionism influence, colorful:1",good_46.jpg,bad_46.jpg,1246
47,"alberto seveso art, dancing sillhouette , water ink, ink water, ink cloud, alberto seveso art, loose painting style, intricate detail, cinematic lighting, octane render, 8k render, volumetric lighting",good_47.jpg,bad_47.jpg,1249
48,young woman with big teased 80's hair,good_48.jpg,bad_48.jpg,1286
49,a beautiful redhead woman,good_49.jpg,bad_49.jpg,1311
50,"Intricately detailed full body photo, professional photograph, royal vampire female, a tall blonde vampire woman in a corset and stockings, high heels, royal, low angle, legs foreshortening, toned abs, pretty face, smile, legs focus, victorian gothic, period movie, hyper detailed, shallow depth of field, cinematic lighting, photographed on a Sony a9 II Mirrorless Camera, soft focus, bokeh",good_50.jpg,bad_50.jpg,1333
51,"chinese painting, Channel the essence of ""暮春晚霽，赬霞日消"" in your artwork, portraying the tranquil beauty of a late spring evening as the vibrant scarlet hues of the sunset fade. Capture the fleeting moment in your preferred medium, creating an atmosphere of serenity and awe.",good_51.jpg,bad_51.jpg,1400
52,highway to hell,good_52.jpg,bad_52.jpg,1461
53,An embarrassing yearbook photo from 2004 of a mall goth,good_53.jpg,bad_53.jpg,1503
54,"Sedona, Arizona by artist ""Frederic Edwin Church"", by artist ""Ivan Shishkin"",by artist ""anna dittmann"",by artist ""the color commander""",good_54.jpg,bad_54.jpg,1527
55,"a woman, dressed in medieval armor, athletic, dirty blonde hair, looking away",good_55.jpg,bad_55.jpg,1574
56,a beautiful redhead woman,good_56.jpg,bad_56.jpg,1619
57,"in the style of Patrick Woodroffe, Sandra Bullock as the glowing golden-skinned winged Sky Goddess Isis at an archeological dig in Egypt, HD 4K, scientific detail",good_57.jpg,bad_57.jpg,1642
58,"In a bustling modern city, you see a beautiful Chinese woman with a great figure. She is dressed in fashionable clothes and carrying a bright shopping bag, looking confident and elegant. The towering buildings around her reflect the neon lights of the city, shining on her beautiful face. In the distance, you can hear the noise of cars and people, but she seems to be outside of it all, maintaining a sense of tranquility and elegance. Use your imagination to turn this scene into a futuristic image that makes people feel as if they are in a moment of the future world.",good_58.jpg,bad_58.jpg,1710
59,"couple  tango dancer, epic, ultra detail, ultra realistic, photorealistic, 4k, god rays, highly detailed, full body,  cinematic lighting,  hyperrealistic, focused, high details,  cinematic",good_59.jpg,bad_59.jpg,1758
60,"Very attractive woman, full frontal, 3D view, closeup",good_60.jpg,bad_60.jpg,1765
61,"insanely detailed portrait,female model, insane face details, perfect eyes,dof, dslr extremely intricate, high res,  8k,  award winning photography",good_61.jpg,bad_61.jpg,1821
62,"digital art, full body, red eyes, yellow hands, ice blue body, demon, horror, creepy, by H. R. Giger, by Guillermo del Toro",good_62.jpg,bad_62.jpg,1829
63,Giant caterpillar riding a bicycle,good_63.jpg,bad_63.jpg,1841
64,fashion photography of caucasian woman,good_64.jpg,bad_64.jpg,1873
65,"stunningly beautiful russian teen, full body shot, insanely detailed, photorealistic, volumetric rim lighting, taken with canon eos 5d mark iv,",good_65.jpg,bad_65.jpg,1879
66,"masterpiece, best quality, high detailed, realistic, sharp focus, artstation, hyper realism, hand drawn line art, intricate, beautiful warrior, ebony woman, brown iris, detailed eyes, black ,  toned muscles, afro and dreadlock hairstyle, bronze necklace, ancient tribe bronze armor, big gauntlet, skull and bones ornament, fur accents heroic , , dark dungeon, epic , volumetric lighting, by joe madureira",good_66.jpg,bad_66.jpg,1896
67,gigantic dark bottomless crack in the ground epic painting,good_67.jpg,bad_67.jpg,1949
68,"20 year old girl, hazel eyes, full body, posing, blonde hair, skin tight red dress",good_68.jpg,bad_68.jpg,1951
69,"Letter 'C' made out of a motorcycle, cinematic, photorealistic, close-up view",good_69.jpg,bad_69.jpg,2003
70,"spectacular autumn scenery deep in the wilderness, detailed digital painting",good_70.jpg,bad_70.jpg,2033
71,Billboard on highway that says this way to SDXL,good_71.jpg,bad_71.jpg,2043
72,unicorn makeup,good_72.jpg,bad_72.jpg,2107
73,"detailed photo of a young woman wearing a red adherent silk robe, vibrant red hair, crimson eyes,  beautiful, charming, fantasy, graceful, elegant, cute, gorgeous, perfect face ,cinematic lighting, high quality, high definition, uhd, 8k, sharp focus, masterpiece, post-processing, soft bokeh, intricately detailed, complex,",good_73.jpg,bad_73.jpg,2122
74,"rainy market street, trolley, coffe shop, couples walking, foggy, dripping wet on wet technique, watercolor, rough hard press papper, masterpiece, by Jeremy Mann,",good_74.jpg,bad_74.jpg,2157
75,millie bobby brown,good_75.jpg,bad_75.jpg,2178
76,"Realistic Black and white  portrait of Ellen Page triple D cup as a 19 year old , blemishes on skin , smooth face , dynamic light , dynamic shadows , studio background, image taken by",good_76.jpg,bad_76.jpg,2179
77,"fantasy digital art snow mountain, cottagecore, mosscore, cozy",good_77.jpg,bad_77.jpg,2225
78,"a 4k lifelike detailed photo of a dark magican in a cloak on a jumping horse in yemen, dynamic stance",good_78.jpg,bad_78.jpg,2230
79,"beautiful blonde petite teenage girl, heterochrome eyes, masterpiece",good_79.jpg,bad_79.jpg,2306
80,Enchanting foggy Forrest with mossy trees and mushrooms growing everywhere with fairies hang around,good_80.jpg,bad_80.jpg,2327
81,"cinematic still of highly reflective stainless steel train in the desert, at sunset",good_81.jpg,bad_81.jpg,2415
82,River made of fire,good_82.jpg,bad_82.jpg,2443
83,"a woman in red hair lies among the flowers, in the style of dark aquamarine and light amber, i can't believe how beautiful this is, dark sky-blue and dark beige, dark orange and light azure, dreamy and romantic, loose and fluid, ferrania p30",good_83.jpg,bad_83.jpg,2520
84,"portrait of timothee chalamet  with a leather pants, slight smile, sharp focus, photo, au naturel, hyper detailed, trending in artstation, cinematic lighting, casual photo, smooth render, photograph, art by hajime sorayama h 6 4 0,timothee chalamet , hot guy, hot timothee chalamet , happy, chelsea boots RAW photo,  close up portrait photo timothee chalamet , slim body, background is city ruins, high detailed skin:1.2, 8k uhd, dslr, soft lighting, high quality, film grain, Fujifilm XT3",good_84.jpg,bad_84.jpg,2673
85,Beautiful sensual blonde teen mermaids on the beach beckoning,good_85.jpg,bad_85.jpg,2798
86,A beautiful redhead woman,good_86.jpg,bad_86.jpg,2814
87,natalie portman as jedi,good_87.jpg,bad_87.jpg,2825
88,Jeniffer Love Hewitt in a Alternate universe where everyone is a perfect human,good_88.jpg,bad_88.jpg,2882
89,young woman with big teased 80's hair,good_89.jpg,bad_89.jpg,2893
90,face woman in destiny2 hyperbeast,good_90.jpg,bad_90.jpg,2933
91,"Dust particles floating in the air during a dry thunderstorm, dark skies lit by intense fork lightning, , insanely detailed, photorealistic, 8k, ultra high resolution, volumetric lighting, taken with canon, taken with nikon",good_91.jpg,bad_91.jpg,2941
92,Alien the musical HR Giger,good_92.jpg,bad_92.jpg,2946
93,AI telepathy ai style,good_93.jpg,bad_93.jpg,2959
94,"a female cyber head crafted with wires and sensors, in the style of 8k resolution, eve ventrue, zhang jingna, stanley kubrick, dark white and navy, 32k uhd, photo taken with nikon d750",good_94.jpg,bad_94.jpg,2960
95,ROLLERCOASTER SUNSET BACKGROUND,good_95.jpg,bad_95.jpg,2971
96,"at the point of climax, stunningly beautiful teen, full body shot, insanely detailed, photorealistic, volumetric rim lighting, taken with canon eos 5d mark iv,",good_96.jpg,bad_96.jpg,3010
97,"insanely detailed portrait, an ultra realistic model under 21yo mega furistics makeup before a catwalk runway",good_97.jpg,bad_97.jpg,3044
98,A sign that says PICK A PIC,good_98.jpg,bad_98.jpg,3078
99,little girl lifting up her yellow dress in dark alley,good_99.jpg,bad_99.jpg,3094
100,photo of a dragon cooking dinner,good_100.jpg,bad_100.jpg,3114
101,"detailed and realistic portrait of a of stunningly beautiful girl, trending on Instagram, shaggy haircut, white hair color, natural lights, soft natural lighting, Extreme close-up, magical photography, dramatic lighting, photo realism, ultra-detailed, intimate portrait composition, Leica 50mm, f1.4",good_101.jpg,bad_101.jpg,3239
102,"digital art illustration by wlop of a beautiful woman with long blonde hair and yellow eyes wearing a golden silk dress, bedroom background, beautiful, graceful, elegant, cute, gorgeous, perfect face , cinematic lighting, high quality, 8k, sharp focus, masterpiece, post-processing, soft bokeh,",good_102.jpg,bad_102.jpg,3283
103,"An image of a rainbow-haired girl, masterpiece, trending on artstation",good_103.jpg,bad_103.jpg,3328
104,"pale pink haired goddess, wearing byzantine gown | fantasy, hyper-detailed, accurate anatomy, symmetrical facial features, sharp focus, volumetric lighting, 16k | karol bak, yoshitaka amano, tom Bagshaw, aurora, zbrush cel-shaded, cgsociety | ethereal beautiful astral vaporwave storybook illustration, dark fantasy",good_104.jpg,bad_104.jpg,3331
105,"DSLR photo of a woman with pale skin and ginger hair, wearing a white dress, beautiful face, standing in a white corridor lined by stone creature statues, looking into the camera, cinematic, diffused lighting",good_105.jpg,bad_105.jpg,3362
106,Sunset reflecting on a crystal ball,good_106.jpg,bad_106.jpg,3382
107,"Light sees itself in a reflection in human form, fantasy, unrealistic realistic, 4k style",good_107.jpg,bad_107.jpg,3402
108,gigantic dark bottomless crack in the ground epic fantasy,good_108.jpg,bad_108.jpg,3415
109,"Dracula teeth brushing, award-winning photography, intimate and vulnerable lighting, 80mm photography, Cinematic, Sharp, Hasselblad, Dramatic Lighting, Depth of field, Soft color palette, Incredibly high detailed, Lightroom gallery",good_109.jpg,bad_109.jpg,3446
110,"High resolution 3D animation, a Na’vi naturist from Avatar in the Pandoran jungle, HD 4K, sharp detail, photo-realistic accurate face and features, cinematic lighting",good_110.jpg,bad_110.jpg,3459
111,"Photo of a woman with 1500BC grecian  hairstyle combined with 1500AD rennaisance hairstyle, multiple views, view from the front, view from the side, 1500BCs grecian fashion and 1500AD rennaisance fashion combined",good_111.jpg,bad_111.jpg,3503
112,"beautiful woman sitting in the couch, sunny day, portrait, front view, ultra hd picture, high quality",good_112.jpg,bad_112.jpg,3540
113,"hair strips made of ouroboros, stunning photo",good_113.jpg,bad_113.jpg,3543
114,"A portrait of forest spirit, an intricate and hyperdetailed matte painting by yoshitaka amano , magali villenueve, Anna Dittmann , fantasy art, movie poster, celestial, vaporwave, symmetrical face, accurate anatomy, ethereal, sunshine rays filmic holographic digital illustration concept art pixiv volumetric lighting 8k cel-shaded",good_114.jpg,bad_114.jpg,3569
115,80's girl in sunglasses with arms crossed,good_115.jpg,bad_115.jpg,3573
116,"national geographic photo of a rainbow snake python head, 8k resolution, cinematic, hyper realism, 1 5 0 mm lens ,",good_116.jpg,bad_116.jpg,3611
117,"A Urban cityscape, nature, a husand and wife are siting on a boat in a lake  near beautiful cottage, its wooden exterior bathed in neon lights casting gentle rays onto the cabin's porch,Serenely nestled,woodland retreat,rustic simplicity,highly detailed,cinematic lighting.night with lots of stars,forest,full moon, wide angle, 8k, colorful, hd, shooting star, muskoka cottage beautiful,uplight,Night sky, Hug, Cuddle, kiss, romance. rocks, HD, Reality,realisitic, 4K",good_117.jpg,bad_117.jpg,3618
118,"watercolor illustration of a french noble woman, beautiful, graceful, elegant, cute, gorgeous, cinematic lighting, high quality, 8k, sharp focus, masterpiece, post-processing, soft bokeh,",good_118.jpg,bad_118.jpg,3630
119,Light painting,good_119.jpg,bad_119.jpg,3692
120,"lily collins as a vampire, intricate, elegant, highly detailed, centered, digital painting, artstation, concept art, smooth, sharp focus, illustration, artgerm, Tomasz Alen Kopera, Peter Mohrbacher, donato giancola, Joseph Christian Leyendecker, WLOP, Boris Vallejo",good_120.jpg,bad_120.jpg,3713
121,Fantasy castle on a hilltop,good_121.jpg,bad_121.jpg,3730
122,beautiful dancing unicorns,good_122.jpg,bad_122.jpg,3788
123,A photograph of a beautiful woman,good_123.jpg,bad_123.jpg,3796
124,side view of little girl with mouth open wide and eyes closed and eating sausage,good_124.jpg,bad_124.jpg,3804
125,"chloe hill from hull, ultra realistic, photorealistic, taken with canon eos 5d mark iv",good_125.jpg,bad_125.jpg,3861
126,"Canadian Rockies. Abraham Lake, Canada. Sony a7RIV, Venus Optics 9mm lens, ISO 100, f/11, 0.8 seconds.",good_126.jpg,bad_126.jpg,3888
127,Beautiful woman blonde hair color,good_127.jpg,bad_127.jpg,3942
128,"stunning teen swim team girl, perfect eyes, perfect anatomy, full body, perfect hands, gold hair, blue eyes, by the pool,",good_128.jpg,bad_128.jpg,3968
129,War soldier,good_129.jpg,bad_129.jpg,4001
130,"Thalassophobia! small lone diver diving in vast deep ocean! by Pascal Campion and Andreas Lie, Olly Moss, Peter Mohrbacher fantasy artwork, blue dramatic lighting, Alberto Seveso, surreal, inspirational, contemporary mixed media, CGSociety, intricately detailed digital art, V-Ray, colourful radial dark graduation, 3d digital artwork, deep water",good_130.jpg,bad_130.jpg,4006
131,"a photograph of a Manic Pixie Dream Girl eating a piece of chess, movie scene from 1979 by Katerina Belkina by vladimir kush",good_131.jpg,bad_131.jpg,4077
132,"Unique, unusual, creative",good_132.jpg,bad_132.jpg,4078
133,Daniele Mezzatesta,good_133.jpg,bad_133.jpg,4087
134,"young man with beard seen from the back wearing tshirt, grey cat with orange eyes, both sitting at table on clearing, forest, playing magic the gathering cards, epic, digital art, Ultra detailed, octane render, by Alexander Jansson",good_134.jpg,bad_134.jpg,4103
135,lion lizard hybrid,good_135.jpg,bad_135.jpg,4107
136,A Woman wearing a scifi visor with a spiral on it,good_136.jpg,bad_136.jpg,4129
137,"bioluminescent jellyfish architecture, gaudi",good_137.jpg,bad_137.jpg,4211
138,tornado,good_138.jpg,bad_138.jpg,4215
139,"close up photo of beautiful girl, mid-twenties, wearing a sportswear, she has bright blown eyes and long curly dark hair, staring directly into the camera, sharp, 3 point light background, studio, medium format, 8k detail",good_139.jpg,bad_139.jpg,4239
140,"a woman with dark hair, eyes wide open, in the style of minimalist beauty, drugcore, organic forms, muted tones, romantic use of light, sabattier effect, palewave, goosepunk",good_140.jpg,bad_140.jpg,4248
141,a chariot racing across a desert landscape,good_141.jpg,bad_141.jpg,4292
142,"background color, color scheme",good_142.jpg,bad_142.jpg,4322
143,highway to hell,good_143.jpg,bad_143.jpg,4353
144,"3d render of multiple thin sheets of blue plastic, spread like a fan, swirling and curvy, semi translucent, transparency, soft  studio lighting, paper book pages turning, frosted glass, windows 11 wallpaper",good_144.jpg,bad_144.jpg,4360
145,Pretty brownie woman with with blue eyes and black hair professional and real photo,good_145.jpg,bad_145.jpg,4387
146,a pretty fashion woman,good_146.jpg,bad_146.jpg,4433
147,"DSLR full body photo of a young woman with large white fake wings on her back and standing in rollerskates, Lviv city, focused, morning lighting",good_147.jpg,bad_147.jpg,4444
148,"chamber in a dark cave full of treasures, realistic digital art",good_148.jpg,bad_148.jpg,4500
149,Fantasy castle on a hilltop,good_149.jpg,bad_149.jpg,4530
150,"Realistic Black and white  portrait of Jenna Ortega bob hairstyle as a 19 year old teenager , jacket , blemishes on skin , smooth face , dynamic light , dynamic shadows , studio background, image taken by",good_150.jpg,bad_150.jpg,4531
151,dark fairy with an owl in Cottagecore style,good_151.jpg,bad_151.jpg,4538
152,"Olympic National Park, USA. Canon 5DSR, Canon 11-24mm lens, ISO 100, f/11, 1/640 second.",good_152.jpg,bad_152.jpg,4567
153,"zombie outbreak, 1997, documentary, award-winning photo",good_153.jpg,bad_153.jpg,4578
154,A haunting ultramaximalist photorealistic landscape of a withering cathedral during autumn.,good_154.jpg,bad_154.jpg,4587
155,a beautiful redhead woman,good_155.jpg,bad_155.jpg,4735
156,A haunting ultramaximalist photorealistic landscape of a withering cathedral during autumn.,good_156.jpg,bad_156.jpg,4760
157,beautiful 20 year-old Kate Beckinsale as a naturist in a space ship,good_157.jpg,bad_157.jpg,4892
158,infp portrait! 45 turned head! by Craig Mullins; Dan Mumford; Luis Royo; Alberto Seveso; Donato Giancola; robert oxley; Beeple; Carne Griffiths; 3d; intricate filigree! dramatic lighting; chiaroscuro; moonlit stormy night; digital illustration; large depth of field; dynamic pose; unique composition; CGSociety; splash art; digital concept art; volumetric lighting; fantasy artwork; apocalypse,good_158.jpg,bad_158.jpg,4916
159,"beautiful blonde petite teenage girl, heterochrome eyes, masterpiece",good_159.jpg,bad_159.jpg,4924
160,supermodel from japan,good_160.jpg,bad_160.jpg,5005
161,Images inspired by Kate Bush,good_161.jpg,bad_161.jpg,5022
162,brushing hair behind ear,good_162.jpg,bad_162.jpg,5029
163,"insanely detailed portrait,female model, insane face details, perfect eyes,dof, dslr extremely intricate, high res,  8k,  award winning photography",good_163.jpg,bad_163.jpg,5046
164,"A wintery landscape with a lake surrounding a island with a tree in the middle, mountains in the background, 8k, by Ismail Inceoglu, Huang Guangjian and Dan Witz CGSociety, ZBrush Central, fantasy art, album cover art,",good_164.jpg,bad_164.jpg,5070
165,"cinematic still of highly reflective stainless steel train in the desert, at sunset",good_165.jpg,bad_165.jpg,5105
166,The ultimate triumph of nature.,good_166.jpg,bad_166.jpg,5109
167,"Epic cinematic movie still from a movie about a female werewolf who just wants to be accepted by normal society and tries to achieve this by riding across the country on a unicycle, insanely detailed, photorealistic, 8k, ultra high resolution, volumetric lighting, taken with canon, taken with nikon",good_167.jpg,bad_167.jpg,5163
168,house real photography fujifilm xt4 80mm f 1.5,good_168.jpg,bad_168.jpg,5214
169,A man admiring a moonlit night,good_169.jpg,bad_169.jpg,5226
170,"paper quilling inversion, negative, free, abstract, masterpiece, bird, fire, flower, black paper, dark",good_170.jpg,bad_170.jpg,5231
171,dark fairy with an owl in Cottagecore style,good_171.jpg,bad_171.jpg,5258
172,"a young woman with giant robots, in the style of light silver and light beige, intricate costumes, werner herzog, 8k resolution, cobra, intricate patterns and details, shot on 70mm",good_172.jpg,bad_172.jpg,5276
173,brushing hair behind ear,good_173.jpg,bad_173.jpg,5278
174,"insanely detailed portrait,female model, insane face details, perfect eyes,dof, dslr extremely intricate, high res,  8k,  award winning photography",good_174.jpg,bad_174.jpg,5280
175,"Lucy Liu, HD 4K, scientific detail, photo-realistic accurate face and features, cinematic volumetric lighting",good_175.jpg,bad_175.jpg,5328
176,"deep ocean Thalassophobia! small lone diver diving in vast deep ocean! by Pascal Campion and Andreas Lie, Olly Moss, Peter Mohrbacher fantasy artwork, blue dramatic lighting, Alberto Seveso, surreal, inspirational, contemporary mixed media, CGSociety, intricately detailed digital art, V-Ray, colourful radial dark graduation, 3d digital artwork, deep water",good_176.jpg,bad_176.jpg,5336
177,Close up on  beautiful texture human looking hands of young apealing attractive beautiful nun,good_177.jpg,bad_177.jpg,5349
178,A fantasy castle in a valley under a rainbow,good_178.jpg,bad_178.jpg,5373
179,Alien the musical HR Giger,good_179.jpg,bad_179.jpg,5399
180,"the essence of Paul Nicklen, art poster",good_180.jpg,bad_180.jpg,5404
181,"a beautiful girl is trapped inside a glass bottle, insanely detailed, photorealistic, 8k, perfect composition, volumetric rim lighting, taken with canon eos 5d mark iv,",good_181.jpg,bad_181.jpg,5479
182,BAD BOY WITH LONG HAIR,good_182.jpg,bad_182.jpg,5491
183,"cinematic lighting masterpiece supreme quality highest resolution 8K, extremely intricate highly detailed extreme intricate details ultra detailed photograph ultra-realistic, dynamic, portrait RAW photo uhd, dslr, film grain, Fujifilm XT3, sharp focus, bokeh, cinematic medium shot of ballet woman, high detailed skin, detailed eyes",good_183.jpg,bad_183.jpg,5492
184,"Split portrait. Double exposure cemetary people, Insanely detailed matte painting with rough paint strokes and textures, By Conrad Roset, Erik Johansson, Sandra Chevrier, Stephen Gammell, Jeremy Mann, Alex Maleev, 16k resolution, Oil on canvas, Fine art, Super dramatic light, Sharp focus, Grain, Sinister, Horror",good_184.jpg,bad_184.jpg,5511
185,beautiful woman riding a horse,good_185.jpg,bad_185.jpg,5526
186,"An ethereal creature crafted from the depths of the ocean, with a body of rolling waves and a face of glimmering light",good_186.jpg,bad_186.jpg,5538
187,"young man seen from the back, grey cat with yellow eyes, sitting on table on clearing, mystic forest, playing magic the gathering cards, full body, cinematic bright ligning, octane render, ultra high detail",good_187.jpg,bad_187.jpg,5566
188,"abstract man in dark background 3d illustration illustration in 3d, in the style of ian davenport, indian influence, detailed perfection, colorful woodcarvings, anna dittmann, presentation of human form, meticulous detail",good_188.jpg,bad_188.jpg,5591
189,face miss beauty geek,good_189.jpg,bad_189.jpg,5658
190,A carnivorous plant with human teeth,good_190.jpg,bad_190.jpg,5703
191,multidimensional ancient Sumerian labyrinth Giger style,good_191.jpg,bad_191.jpg,5758
192,"little girl in dark alley lifting dress above her waist exposing full body, full thigh, view from behind",good_192.jpg,bad_192.jpg,5921
193,Elizabeth olsen kissing kiara advani on lips in bedroom,good_193.jpg,bad_193.jpg,6014
194,"abstract man in dark background 3d illustration illustration in 3d, in the style of ian davenport, hairy beard influence, detailed perfection, colorful woodcarvings, anna dittmann, presentation of human form, meticulous detail",good_194.jpg,bad_194.jpg,6037
195,face woman in destiny2 hyperbeast,good_195.jpg,bad_195.jpg,6043
196,A bird with 8 spider legs,good_196.jpg,bad_196.jpg,6052
197,unicorn makeup,good_197.jpg,bad_197.jpg,6185
198,"colour portrait of a female cyborg taken in the 1980s on nikon fm2n, uncoated lens, heavy film grain, iso 2000, image noise, rim lighting, photorealistic, washed out,",good_198.jpg,bad_198.jpg,6204
199,"an illustration of a woman wearing an orange hat and birds, in the style of fantasy realism, chiaroscuro portraitures, i can't believe how beautiful this is, exotic realism, symbolic realism, yellow and crimson, neo-realist surrealist",good_199.jpg,bad_199.jpg,6217
200,"Asgard and the Bifrost, mystical, fantastical, epically, magical",good_200.jpg,bad_200.jpg,6230
201,"Aidan Gillen dressed as a dirty, cunning 19th century hungarian peasant with black tophat in the hungarian mere, at night, very atmospheric, by greg rutkowski, eeyrie, scar, night",good_201.jpg,bad_201.jpg,6264
202,stwart copland,good_202.jpg,bad_202.jpg,6287
203,Blau neblig einsam in einem gebirge es ist sehr kühl,good_203.jpg,bad_203.jpg,6310
204,"portrait,female, white model, legs,under hair",good_204.jpg,bad_204.jpg,6364
205,"Alice in a giant mashrooms world, dark colors, extremely detailed",good_205.jpg,bad_205.jpg,6377
206,A haunting ultramaximalist photorealistic landscape of a stronghold during autumn,good_206.jpg,bad_206.jpg,6380
207,"beautiful woman with red hair in yellow dress, in the style of intricate embellishments, anastasiya dobrovolskaya, the aesthetic movement, selective focus, realistic images, charles spencelayh, authentic details",good_207.jpg,bad_207.jpg,6401
208,multidimensional ancient Sumerian labyrinth Giger style,good_208.jpg,bad_208.jpg,6412
209,"A black goth obese girl with black mask and, dressed in black suit, , hyper-detailed painting By Baptiste Monge, and mark ryden art, and Junji ito, dark mode, trending on artstation",good_209.jpg,bad_209.jpg,6427
210,young woman with big teased 80's hair,good_210.jpg,bad_210.jpg,6447
211,"a woman with dark hair, eyes wide open, in the style of minimalist beauty, drugcore, organic forms, muted tones, romantic use of light, sabattier effect, palewave, goosepunk",good_211.jpg,bad_211.jpg,6450
212,"Closeup portrait of a girl, dramatic",good_212.jpg,bad_212.jpg,6487
213,"beautiful girl eating an ice-cream, insanely detailed, 64k, photorealistic, 200mm lens, bokeh",good_213.jpg,bad_213.jpg,6505
214,"Portrait of a stunning beautiful black fashion model wearing a red otherworldly intricate Iris van Herpen haute couture, photography by Solve Sundsbo, masterpiece, vogue, natural lighting",good_214.jpg,bad_214.jpg,6509
215,creepy brutalist fortress with red windows on a hill covered with red grass and moody sky,good_215.jpg,bad_215.jpg,6525
216,ic chip colorful,good_216.jpg,bad_216.jpg,6527
217,"space in Mystical eye space surrounded by starlight sparkles, realistic,microscopic, extra detailed",good_217.jpg,bad_217.jpg,6529
218,a vampire in an enchanted forest,good_218.jpg,bad_218.jpg,6556
219,"A hot air balloon, floating in the ocean instead of the air",good_219.jpg,bad_219.jpg,6615
220,A ladybug spider crawling on a tree branch,good_220.jpg,bad_220.jpg,6624
221,"abstract man in dark background 3d illustration illustration in 3d, in the style of ian davenport, hairy beard influence, detailed perfection, colorful woodcarvings, anna dittmann, presentation of human form, meticulous detail",good_221.jpg,bad_221.jpg,6717
222,Dramatic Portrait of an Ancient old shaman covered by dust,good_222.jpg,bad_222.jpg,6718
223,Photo of weeping willow tree on a mountain with meadow in foreground,good_223.jpg,bad_223.jpg,6787
224,"young very handsome black male with dragon ball z effects in a professional photoshoot with a black detailed backdrop with super sayian black wild hair modeling like chris brown in a photoshoot with the lighting shining on chains and cool glasses, wearing and showing full body designer clothiing",good_224.jpg,bad_224.jpg,6815
225,"professional photo, ghost, ukrainian girl, war, fire, blue, yellow",good_225.jpg,bad_225.jpg,6843
226,"`close up portrait,of a woman|dainty|messy blonde hair|flowing linen sundress, sitting in the park,watercolour,Wlop, Ross Tran,elegantly refined and detailed face|eyes|irises|nose|lips,  UHD,high quality 8k,low blending and dilution",good_226.jpg,bad_226.jpg,6854
227,giovani ragazze che si baciano sulla bocca seno nudo,good_227.jpg,bad_227.jpg,6888
228,"carrot root hair, stunning photo, high-res, ad campaign",good_228.jpg,bad_228.jpg,6946
229,a photo of a gorgeous black woman with blue eyes and long wavy blonde hair,good_229.jpg,bad_229.jpg,6982
230,tornado,good_230.jpg,bad_230.jpg,6990
231,Daniele Mezzatesta,good_231.jpg,bad_231.jpg,7153
232,"beautiful skinny scary evil young woman in the cemetery, digital rendering, ultra hd, dark art, portrait",good_232.jpg,bad_232.jpg,7175
233,Elon Musk rides a dinosaur,good_233.jpg,bad_233.jpg,7178
234,"fantasy dark world female sprite hd wallpaper desktops, in the style of voigtlander nokton aspherical, robotic expressionism, close-up intensity, dayak art, ornate details, gray and bronze, photo taken with nikon",good_234.jpg,bad_234.jpg,7201
235,face miss beauty greek new cover,good_235.jpg,bad_235.jpg,7234
236,"Caricature woman photo real stylized digital painting illustration The fantasy artwork of jake pifer, in the style of whimsical sci-fi, digital airbrushing, , surrealistic detail, sharp prickly, precisionism influence, colorful:1",good_236.jpg,bad_236.jpg,7304
237,famous female instagram model who has pictures erome,good_237.jpg,bad_237.jpg,7319
238,Horse at sunset,good_238.jpg,bad_238.jpg,7323
239,"close-up profile of a woman made out of clouds, pale photo, tall buildings, neon colors",good_239.jpg,bad_239.jpg,7340
240,underground walls covered with big faceted transparent quartz crystals,good_240.jpg,bad_240.jpg,7373
241,Girl bady,good_241.jpg,bad_241.jpg,7464
242,"Beautiful stars in the sky! intricately detailed starry night sky above a lake countryside vista, small lakeside village; moon reflecting on the water; by jeremy mann, andree wallin, vivid deep cosmic colours; deep depth of field, dramatic lighting, craig mullins, large bold brush strokes, maximalist, featured on deviant art, Ray Tracing",good_242.jpg,bad_242.jpg,7467
243,The soul ascends.,good_243.jpg,bad_243.jpg,7483
244,Live action Jessica rabbit smoking,good_244.jpg,bad_244.jpg,7550
245,"Teenage girl, dark blue eyes, leaning toward camera, posing, short blonde hair, black dress, loose at top, from above",good_245.jpg,bad_245.jpg,7557
246,"A portrait of forest spirit, an intricate and hyperdetailed matte painting by yoshitaka amano , magali villenueve, Anna Dittmann , fantasy art, movie poster, celestial, vaporwave, symmetrical face, accurate anatomy, ethereal, sunshine rays filmic holographic digital illustration concept art pixiv volumetric lighting 8k cel-shaded",good_246.jpg,bad_246.jpg,7661
247,"Masterpiece      ,         Whole FullBody in the Frame        ,         Perfect Anatomy with 8 Life Size      ,     photo quality    , 4k Resolution, Highly Realistic, Extremely Sweet and Cute and Beautiful Face,       Beautiful high photo realistic style evil woman      ,     long  wavy accent color in glitter with white  hair with golden highlights    ,       shiny black liquid latex catsuit      , sunlight, cinematic light,     Heterochrochromia white and gold    ,       ethereal background      ,     depth of field    ,     clean detailed face    , fractal isometrics details bioluminescence, analogous colors, Luminous Studio graphics engine, trending on artstation Isometric Centered hyperrealistic cover photo awesome full color, gritty, glowing shadows, high quality, high detail, high definition, slim waist, nice hips, 90s anime style VHS, looking at camera with soft smile,     perfect eyes      ,     pale skin    , femme fatale, sensual, rubber",good_247.jpg,bad_247.jpg,7673
248,"Olympic National Park, USA. Canon 5DSR, Canon 11-24mm lens, ISO 100, f/11, 1/640 second.",good_248.jpg,bad_248.jpg,7679
249,"Raw Photo of princess, freckles, green and gold armor, Kodak Ultra Max, shot on iphone, dslr, high quality, photorealistic, raw, 4k, warm light",good_249.jpg,bad_249.jpg,7688
250,"damaged Kodachrome photograph, massive extremely complex computer machine with wires and tubes and slimy white entrails giving birth to two anorexic young cybernetic women, biotech room, machine birthing unclad skinny young women with short hair, grainy Kodachrome photo",good_250.jpg,bad_250.jpg,7691
251,A haunting ultramaximalist photorealistic landscape of a withering cathedral during autumn.,good_251.jpg,bad_251.jpg,7797
252,"actress in an ornate dress sitting in front of mirror, in the style of subtle, earthy tones, anna dittmann, tim burton, mary beale, #film, emphasis on detail, layered fibers",good_252.jpg,bad_252.jpg,7809
253,Astronaut in a massive colorful space,good_253.jpg,bad_253.jpg,7849
254,A woman,good_254.jpg,bad_254.jpg,7893
255,"The Purple Sea stretches out before you, the water shimmering with hues of magenta, amethyst, and violet. A lone sailboat bobs on the gentle waves, its white sails contrast sharply with the vivid tones of the sea. The sky overhead is a riot of purples and pinks, with billowy clouds tinged with lavender and mauve. The scene exudes a sense of tranquility and calm, with a dreamy and surreal quality to the atmosphere. captured with a Nikon D850 by landscape photographer, Ansel Adams.",good_255.jpg,bad_255.jpg,7902
256,One rose  with a blue stem,good_256.jpg,bad_256.jpg,7911
257,女士 Женщина wildberries.ru,good_257.jpg,bad_257.jpg,7941
258,Live action Jessica rabbit on stage,good_258.jpg,bad_258.jpg,7952
259,Beautiful old woman with gray hair color,good_259.jpg,bad_259.jpg,7953
260,Create a marble  3 d image of Charlize Theron in the style of Giovanni Strazza's The Veiled Virgen from 1850,good_260.jpg,bad_260.jpg,7960
261,a bottle of pepsi on the desert,good_261.jpg,bad_261.jpg,7963
262,LDS Church Jalapa Guatemala Temple,good_262.jpg,bad_262.jpg,7985
263,a Tornado Destroying a Farm in 6 Perspectives,good_263.jpg,bad_263.jpg,8000
264,"Olympic National Park, USA. Canon 5DSR, Canon 11-24mm lens, ISO 100, f/11, 1/640 second.",good_264.jpg,bad_264.jpg,8042
265,marble cgi heart,good_265.jpg,bad_265.jpg,8066
266,16 year old kiwi Indian teen trapped in pitch dark flooded narrow passage of cave,good_266.jpg,bad_266.jpg,8117
267,"actress in an ornate dress sitting in front of mirror, in the style of subtle, earthy tones, anna dittmann, tim burton, mary beale, #film, emphasis on detail, layered fibers",good_267.jpg,bad_267.jpg,8119
268,"grainy scratched gritty Kodachrome photograph, massive extremely complex computer decaying machine with countless wires and white entrails giving birth to young freckled mechanical unclad young cute woman, abandoned biotech room, machine birthing unclad skinny freckled young woman with short hair, scratched grainy photo",good_268.jpg,bad_268.jpg,8120
269,"a woman wearing an ornate dress and red hair, in the style of poetcore, dark orange and beige, spiky mounds, intense close-ups, theatrical installations, deconstructed tailoring, barroco",good_269.jpg,bad_269.jpg,8129
270,"make the skin , eyes and the overall look as realistic as possible as if i was taken by an iphone camera  a blonde model before runway with an ultra futuristic makeup",good_270.jpg,bad_270.jpg,8177
271,"18 year old pretty flirty cute innocent  pregnant nerdy turkish woman with large bust, open bust, curvy body, kissing with 70 year old homeless very strong African muslim man",good_271.jpg,bad_271.jpg,8202
272,face miss beauty geek,good_272.jpg,bad_272.jpg,8203
273,woman In the bed weddes,good_273.jpg,bad_273.jpg,8220
274,a dystopian landscape with a man riding a bicycle standing in the middle,good_274.jpg,bad_274.jpg,8252
275,young woman with big teased 80's hair,good_275.jpg,bad_275.jpg,8256
276,of a beautiful face,good_276.jpg,bad_276.jpg,8264
277,"beautiful woman as supergirl, hdr",good_277.jpg,bad_277.jpg,8302
278,calm exotic landscape,good_278.jpg,bad_278.jpg,8325
279,dark art beksinski,good_279.jpg,bad_279.jpg,8354
280,trypophobia monster,good_280.jpg,bad_280.jpg,8377
281,"insanely detailed portrait,female model, insane face details, perfect eyes,dof, dslr extremely intricate, high res,  8k,  award winning photography",good_281.jpg,bad_281.jpg,8395
282,pic of old good looking man as a art picture,good_282.jpg,bad_282.jpg,8569
283,Fantasy castle on a hilltop,good_283.jpg,bad_283.jpg,8575
284,"color Bessa R2A Cinestill still, massive extremely complex computer machine with wires and white entrails giving birth to very short hair anorexic cybernetic robotic young woman, complex biotech room, machine birthing unclad skinny young woman with short hair, scratched grainy photo",good_284.jpg,bad_284.jpg,8587
285,"virile and attractive youthful magical cosmic human female, insanely detailed, photorealistic, 8k, perfect composition, volumetric lighting, natural complexion, award winning professional photography, taken with canon eos 5d mark iv, 85mm, mindblowing, masterpiece,",good_285.jpg,bad_285.jpg,8607
286,Bioluminescent Jellyfish spaceship,good_286.jpg,bad_286.jpg,8692
287,War soldierدلات,good_287.jpg,bad_287.jpg,8695
288,A sign that says PICK A PIC,good_288.jpg,bad_288.jpg,8705
289,pretty blonde elf forest with glowing violin and a babbling brook,good_289.jpg,bad_289.jpg,8726
290,"Photo, Candid Shot, Paparazzi Style Subject: French Supermodel, 18yo,white polar clothes, tall woman, beauty. Background: Antarctica Landscape Influences: Japanese Influenced Colourful Gardens, Joyful Celebration of Nature Emphasisers: BlueCore, PolarCore Camera Shot on a Hasselblad medium format camera. Carl Zeiss Distagon",good_290.jpg,bad_290.jpg,8752
291,imposing tower rising above a sea of fire,good_291.jpg,bad_291.jpg,8788
292,The soldier have a grenade,good_292.jpg,bad_292.jpg,8847
293,decentralized watchtowers on peaks over the valley below,good_293.jpg,bad_293.jpg,8857
294,Images inspired by Kate Bush,good_294.jpg,bad_294.jpg,8881
295,Female athletic belts holster short black hair Natalie portman spy in a black pvc flightsuit,good_295.jpg,bad_295.jpg,8894
296,"bioluminescent jellyfish architecture, gaudi",good_296.jpg,bad_296.jpg,8904
297,uncanny,good_297.jpg,bad_297.jpg,8929
298,A young stylish woman holding a megaphone entirely made of semolina. Grain of semolina in the shape of a megaphone,good_298.jpg,bad_298.jpg,8938
299,a photograph of a beautiful woman wearing stockings,good_299.jpg,bad_299.jpg,8965
300,young woman with big teased 80's hair,good_300.jpg,bad_300.jpg,8972
301,"minimalism, close-up, portrait of an asian female singer, haute couture.",good_301.jpg,bad_301.jpg,9014
302,War soldier بللر,good_302.jpg,bad_302.jpg,9054
303,"beautiful extraterrestrial city, dark academia, gothicpunk, by Denis Sire and Zdzisław Beksiński, by greg rutkowski, digital painting, dark gothic art, by Michael Hussar",good_303.jpg,bad_303.jpg,9070
304,unicorn makeup,good_304.jpg,bad_304.jpg,9099
305,"Beautiful stars in the sky! intricately detailed starry night sky above a lake countryside vista, small lakeside village; moon reflecting on the water; by jeremy mann, andree wallin, vivid deep cosmic colours; deep depth of field, dramatic lighting, craig mullins, large bold brush strokes, maximalist, featured on deviant art, Ray Tracing",good_305.jpg,bad_305.jpg,9101
306,"Letter 'C' made out of a motorcycle, cinematic, photorealistic, close-up view",good_306.jpg,bad_306.jpg,9125
307,"beautiful teenage girl in a wet see-through dress, photoreal, photorealistic, high detail, 4k",good_307.jpg,bad_307.jpg,9140
308,"A photorealistic portrait in black and white of a dark ghost, 35mm",good_308.jpg,bad_308.jpg,9221
309,"digital art illustration by wlop of an oriental beauty wearing a backless black and red dress with a japanese dragon tatoo covering her spine, inkpunk art, red eyes, long jet black hair, vibrant colors, beautiful, graceful, elegant, cute, gorgeous, perfect face, cinematic lighting, high quality, high definition, uhd, 8k, sharp focus, masterpiece, post-processing, intricately detailed, complex, intrcate, trending on artstation, clean face,",good_309.jpg,bad_309.jpg,9239
310,Giant caterpillar riding a bicycle,good_310.jpg,bad_310.jpg,9242
311,a cat with wings on his back,good_311.jpg,bad_311.jpg,9249
312,Lost In The Grey,good_312.jpg,bad_312.jpg,9252
313,A photograph of a beautiful woman,good_313.jpg,bad_313.jpg,9311
314,a beautiful redhead woman,good_314.jpg,bad_314.jpg,9314
315,"Photograph, It's the end of the world as we know it",good_315.jpg,bad_315.jpg,9364
316,Evolution diagram,good_316.jpg,bad_316.jpg,9368
317,A nun wearing black nylon leather,good_317.jpg,bad_317.jpg,9392
318,"angry plague doctor in a gothic dinner eating salmon fillet in his beak photograph by tim burton, canon 50mm, 4k",good_318.jpg,bad_318.jpg,9402
319,The soul ascends.,good_319.jpg,bad_319.jpg,9421
320,glitch,good_320.jpg,bad_320.jpg,9430
321,infp portrait! 45 turned head! by Craig Mullins; Dan Mumford; Luis Royo; Alberto Seveso; Donato Giancola; robert oxley; Beeple; Carne Griffiths; 3d; intricate filigree! dramatic lighting; chiaroscuro; moonlit stormy night; digital illustration; large depth of field; dynamic pose; unique composition; CGSociety; splash art; digital concept art; volumetric lighting; fantasy artwork; apocalypse,good_321.jpg,bad_321.jpg,9480
322,A blade runner trader,good_322.jpg,bad_322.jpg,9490
323,"plague doctor in a gothic party eating salmon fillet in his beak photograph by tim burton, canon 50mm, 4k",good_323.jpg,bad_323.jpg,9561
324,"little girl in dark alley, barbarian split skirt, full body pose, view from behind, looking over shoulder, fantasy style",good_324.jpg,bad_324.jpg,9598
325,still from noir version of euphoria tv show,good_325.jpg,bad_325.jpg,9634
326,"cinematic still, fully bare beautiful teenage girl looking out the window of the train, in the forest, at sunset",good_326.jpg,bad_326.jpg,9645
327,"cinematic lighting masterpiece supreme quality highest resolution 8K, extremely intricate highly detailed extreme intricate details ultra detailed photograph ultra-realistic, dynamic, portrait RAW photo uhd, dslr, film grain, Fujifilm XT3, sharp focus, bokeh, cinematic medium shot of ballet woman, high detailed skin, detailed eyes",good_327.jpg,bad_327.jpg,9659
328,"beautiful high photo realistic style goddess, indigo shiny adherent liquid latex catsuit, long wavy white hair with indigo highlights, saphire eyes, perfect anatomy with 8 life size, nice hips, fullbody, centered, beautiful, graceful, elegant, cute, gorgeous, perfect face, full body, dynamic pose, perfect anatomy, centered, freedom, soul, approach to perfection, cell shading, 8k , cinematic dramatic atmosphere, watercolor painting, global illumination, detailed and intricate environment, artstation, concept art, fluid and sharp focus, volumetric lighting, cinematic lighting",good_328.jpg,bad_328.jpg,9679
329,Astronaut in a massive colorful space,good_329.jpg,bad_329.jpg,9709
330,jazz,good_330.jpg,bad_330.jpg,9720
331,"A man sits under a tree at a starry night, full moon, fantasy concept art by marc simonetti, very atmospheric, warm, beautiful, trending on pinterest.com",good_331.jpg,bad_331.jpg,9881
332,"digital art illustration by wlop, oriental beautiful young woman wearing a backless black dress, japanese dragon tatoo covering her spine, inkpunk art, red eyes, long jet black hair, vibrant colors,",good_332.jpg,bad_332.jpg,9892
333,"image of beautiful girl made of glass, reflections and shadows, blender ray tracing",good_333.jpg,bad_333.jpg,9905
334,Astronaut in a massive colorful space,good_334.jpg,bad_334.jpg,9951
335,"A beautiful woman cosplay of kamasutra hindu goddess,A stunning intricate full body shot,eyes,legs, divine, epic character composition, sharp focus, natural lighting, subsurface scattering, f2, real life, film grain",good_335.jpg,bad_335.jpg,9979
336,a woman standing in the rain,good_336.jpg,bad_336.jpg,9988
337,A bird with 8 spider legs,good_337.jpg,bad_337.jpg,10010
338,A photorealistic detailed complex filigree moorish castellated watchtower,good_338.jpg,bad_338.jpg,10054
339,"magical forest in the night, with a lot firefly, realistic, hd",good_339.jpg,bad_339.jpg,10101
340,"hyperrealistic photograph, extremely detailed pale young woman whole body covered in fungus, fungi, pores, chapped lips,  mushrooms growing out of her eyes, skinny, mushrooms, mushrooms on face, mushrooms on cheekbones, zoomed out ,",good_340.jpg,bad_340.jpg,10105
341,"And a woman with hair as black as the earth, that I have known for so many years lives for himself, not worrying at all, between morning light and evening gloom.  Between iron and hot leaves, between the walls and the birds' cries, between interwoven underground channels, between all his dreams and freaks.",good_341.jpg,bad_341.jpg,10208
342,animated girl,good_342.jpg,bad_342.jpg,10335
343,Baddy,good_343.jpg,bad_343.jpg,10351
344,clappoid,good_344.jpg,bad_344.jpg,10359
345,photo of a minotaur looking for roadkill,good_345.jpg,bad_345.jpg,10374
346,face woman in destiny2 hyperbeast,good_346.jpg,bad_346.jpg,10395
347,decentralized watchtowers on peaks over the valley below,good_347.jpg,bad_347.jpg,10480
348,Fantasy castle on a hilltop,good_348.jpg,bad_348.jpg,10528
349,"The personification of the Halloween holiday in the form of a girl with short hair and a villain's smile, cute hats, cute cheeks, unreal engine, highly detailed, artgerm digital illustration, woo tooth, studio ghibli, deviantart, sharp focus, artstation, by Alexei Vinogradov bakery, emerald eyes",good_349.jpg,bad_349.jpg,10531
350,A haunting ultramaximalist photorealistic landscape of a withering cathedral during autumn.,good_350.jpg,bad_350.jpg,10538
351,azure blue sky and mountains; cinnamon sand color; dark pink plain holding both together; by Terry Gilliam,good_351.jpg,bad_351.jpg,10647
352,original insta post a realistic model face with makeup for a catwalk runway with futuristic summer inspirations,good_352.jpg,bad_352.jpg,10687
353,"abstract man in dark background 3d illustration illustration in 3d, in the style of ian davenport, indian influence, detailed perfection, colorful woodcarvings, anna dittmann, presentation of human form, meticulous detail",good_353.jpg,bad_353.jpg,10706
354,face woman in destiny2 hyperbeast,good_354.jpg,bad_354.jpg,10716
355,Gigeresque Horror Landscape,good_355.jpg,bad_355.jpg,10731
356,"young woman with big teased 80's hair, blowout hair, lots of hairspray",good_356.jpg,bad_356.jpg,10782
357,"by cybelline by, in the style of futuristic victorian, onii kei, high quality photo, light gold and dark crimson, photo-realistic hyperbole, celestialpunk, street-inspired",good_357.jpg,bad_357.jpg,10817
358,Sign that says “when does IF drop?”,good_358.jpg,bad_358.jpg,10841
359,"cinematic still, fully bare beautiful teenage girl looking out the window of highly reflective stainless steel train in the forest, at sunset,",good_359.jpg,bad_359.jpg,10878
360,Beautiful attractive shy young nun with red mate texture lips make up,good_360.jpg,bad_360.jpg,10915
361,Lost In The Grey,good_361.jpg,bad_361.jpg,10941
362,very tall very slim silhouetted electronic lightning circuit castellated cybsersecurity watchtower,good_362.jpg,bad_362.jpg,11002
363,five decentralized watchtowers on peaks over the valley below  palmyra castle krak des chevaliers,good_363.jpg,bad_363.jpg,11012
364,"grainy scratched gritty Kodachrome photograph, massive extremely complex analog white computer machine with copper wires and white entrails giving birth to two young robotic cybernetic women, biotech room, machine birthing unclad skinny young women with short hair, grainy Kodachrome photo",good_364.jpg,bad_364.jpg,11102
365,"insanely detailed portrait,female model, insane face details, perfect eyes,dof, dslr extremely intricate, high res,  8k,  award winning photography",good_365.jpg,bad_365.jpg,11131
366,"A coniferous forest with dense and dark trees and a mysterious person in the foreground with their back to the viewer, but in only black and yellow tones and a sort of rough and scratchy art style",good_366.jpg,bad_366.jpg,11138
367,very detailed portrait pretty asian woman,good_367.jpg,bad_367.jpg,11167
368,Astronaut in a massive colorful space,good_368.jpg,bad_368.jpg,11171
369,Modern dinner table standing at the shore of a wild ocean,good_369.jpg,bad_369.jpg,11172
370,a handsome boy,good_370.jpg,bad_370.jpg,11190
371,Blau neblig einsam in einem gebirge es ist sehr kühl,good_371.jpg,bad_371.jpg,11226
372,"wide angle lens tibetan monk flying over himalaya mountains in weightlessness in traditional red cloth. a lot of flying red fabric around, sky and cloth fabric reflected in blue lake water. dark background. illustration by craig mullins, yoji shinkawa, trending on artstation, peter mohrbacher, hyper detailed, intricate, elite, ornate,",good_372.jpg,bad_372.jpg,11229
373,"misty scottish hills, golden hour, mysterious",good_373.jpg,bad_373.jpg,11257
374,"An image of a rainbow-haired girl, masterpiece, trending on artstation",good_374.jpg,bad_374.jpg,11332
375,calming landscape,good_375.jpg,bad_375.jpg,11343
376,"mechanical bee flying in nature, electronics, motors, wires, buttons, lcd",good_376.jpg,bad_376.jpg,11354
377,Sasha Gray eats a cucumber,good_377.jpg,bad_377.jpg,11369
378,"hyper realism, photo of a hiker, half body, body, high detailed skin, skin pores, coastline, freckles taking a selfie with a grizzly bear messy detailed fur, 8k, high quality, outdoors setting, highly detailed, fur, forest,",good_378.jpg,bad_378.jpg,11386
379,"a portrait of an old coal miner in 19th century, beautiful painting with highly detailed face by greg rutkowski and magali villanueve",good_379.jpg,bad_379.jpg,11391
380,"photo of a slim asian little girl ballerina running on beach, white stocking, from behind, nikon D5",good_380.jpg,bad_380.jpg,11446
381,"plague doctor in a gothic party eating salmon fillet in his beak photograph by tim burton, canon 50mm, 4k",good_381.jpg,bad_381.jpg,11491
382,Astronaut in a massive colorful space,good_382.jpg,bad_382.jpg,11526
383,A car on a street in a forest,good_383.jpg,bad_383.jpg,11536
384,"a dream about the embedding of natural language, HD, fine art",good_384.jpg,bad_384.jpg,11540
385,"digital art illustration by wlop, oriental beautiful young woman wearing a backless black dress, japanese dragon tatoo on her back, inkpunk art, red eyes, long jet black hair, vibrant colors,",good_385.jpg,bad_385.jpg,11558
386,Realistic woman portrait beautiful,good_386.jpg,bad_386.jpg,11589
387,"a 4k hdr photo of a gnome magican on a jumping horse in yemen, dynamic stance",good_387.jpg,bad_387.jpg,11621
388,world war ii a us soldier wearing the tall 10th century jewelled crown of the holy roman empire,good_388.jpg,bad_388.jpg,11629
389,"Fantastic photo of a tree getting struck by lightning and catching fire, dramatic clouds",good_389.jpg,bad_389.jpg,11695
390,"rainy london street premium, trolley, coffe shop, couples walking, sunset, dripping wet on wet technique, watercolor, rough press papper, masterpiece, by Jeremy Mann,",good_390.jpg,bad_390.jpg,11721
391,"a sign saying welcome to hell with a destroyed city, apocalyptic sky, fire covering the whole top of all the buildings, vehicles driving out of the city, cars exploding and flying in the air, planes on fire going down and crashing, broken windows, debris, dead people and rubble everywhere behind it, realistic, 4k",good_391.jpg,bad_391.jpg,11864
392,krck koock ra b. k,good_392.jpg,bad_392.jpg,11876
393,"lonely Chibified cute clown dancing on his own!!! chibi spooky!!! high energy dynamic pose!Goth pop surrealism hyperdetailed textured digital matte illustration; by Jamie Hewlett; by Pascal Campion and Andreas Lie, Peter Mohrbacher fantasy artwork, dramatic lighting; surreal; inspirational, contemporary mixed media, CGSociety, intricately detailed digital art, V-Ray, colourful radial light sunset, 3d digital artwork",good_393.jpg,bad_393.jpg,11881
394,face miss beauty geek,good_394.jpg,bad_394.jpg,11887
395,millie bobby brown,good_395.jpg,bad_395.jpg,11919
396,A astronaut in the ocean of neptune.,good_396.jpg,bad_396.jpg,11923
397,"pop surrealism asian punk woman with short black hair at magical glowing birthday cake party late night glowing magic bioluminescence! Intricately detailed; purple pink white blue cosmic colours! glowing in the dark! by jeremy mann, andree wallin, dave white, deep depth of field, dramatic lighting, craig mullins, large bold brush strokes, maximalist, featured on deviant art, Ray Tracing",good_397.jpg,bad_397.jpg,11937
398,a cat with wings on his back,good_398.jpg,bad_398.jpg,11986
399,freud psycho hysteria patient by balenciaga,good_399.jpg,bad_399.jpg,12004
400,"mechanical bee flying in nature, electronics, with 2 motors, fully wires, buttons, lcd with text ""HELLO""",good_400.jpg,bad_400.jpg,12037
401,"Close up realistic portrait of a beautiful woman’s face, photo real",good_401.jpg,bad_401.jpg,12052
402,"Abstract colorful wavy, shiny background",good_402.jpg,bad_402.jpg,12090
403,Guitar diagram,good_403.jpg,bad_403.jpg,12120
404,original insta post a realistic model face with makeup for a catwalk runway with futuristic summer inspirations,good_404.jpg,bad_404.jpg,12165
405,Cursed Image of a Stop Sign,good_405.jpg,bad_405.jpg,12169
406,"Beautiful photorealism photo intricate portrait of mixed race young woman with wavy hair, thin, green eyes, lush",good_406.jpg,bad_406.jpg,12186
407,a baroque vampire with powdered wig and fangs,good_407.jpg,bad_407.jpg,12188
408,"full shoot of an extremely beautiful white woman, detailed face,blonde large hair, perfect anatomy, golden and purple elegant clothes,smiling look, looking into camera, corporate office background, hiper realism, 8k, hdr",good_408.jpg,bad_408.jpg,12249
409,"the most beautiful girl in the world, insanely detailed, photorealistic, 8k, perfect composition, hard rim lighting, natural complexion, professional photography, taken with canon eos 5d mark iv, 85mm, mindblowing, masterpiece, made with midjourney",good_409.jpg,bad_409.jpg,12352
410,"masterpiece, best quality, high detailed, realistic, sharp focus, artstation, hyper realism, hand drawn line art, intricate, beautiful warrior, ebony woman, brown iris, detailed eyes, black ,  toned muscles, afro and dreadlock hairstyle, bronze necklace, ancient tribe bronze armor, big gauntlet, skull and bones ornament, fur accents heroic , , dark dungeon, epic , volumetric lighting, by joe madureira",good_410.jpg,bad_410.jpg,12360
411,a beautiful blonde young woman,good_411.jpg,bad_411.jpg,12463
412,"Thalassophobia, underwater shot dark, creepy atmoshere, award winning digital art",good_412.jpg,bad_412.jpg,12473
413,"futuristic elegant woman, head shot, woman being bathed in honey",good_413.jpg,bad_413.jpg,12502
414,"Stunning amazing woman, model, 30 years old, long neck, real pale natural skin texture, amazing makeup, wearing a oversize crocheted pull, waiting finish washing machine in a laundromat, looking directly at the camera, portrait, retrofashion, retrofuturism, pastel esthetic, fashion, sharp focus, hyper realistic, photo realistic, model pose, editorial vogue photography, dept of field, fine details, intricate details, full body format, full person,",good_414.jpg,bad_414.jpg,12522
415,"painting of happy woman, digital painting, dark gothic, by Tom Bagshaw and Benjamin A. Vierling, by Alexander Jansson and greg rutkowski",good_415.jpg,bad_415.jpg,12586
416,immodest goth mixed girl,good_416.jpg,bad_416.jpg,12605
417,a beautiful redhead woman,good_417.jpg,bad_417.jpg,12646
418,Volcano with rainbow lava,good_418.jpg,bad_418.jpg,12648
419,"dream where humanity, and technology have reached the pinnacle of beauty, development, order, complexity, and harmony, sustainable solarpunk city, ushering in the great golden age of civilization, cute girl in foreground, ultrarealistic, highest detail, 8k resolution, ultra high definition, photorealism",good_419.jpg,bad_419.jpg,12653
420,"suede skirt, rear view, standing arched back, full body pose, young fairy girl midriff, finely detailed features, fantasy style",good_420.jpg,bad_420.jpg,12665
421,segovia lasers aqueduct,good_421.jpg,bad_421.jpg,12666
422,Sunset reflecting on a crystal ball held by a mysterious figure,good_422.jpg,bad_422.jpg,12688
423,"Teenage girl, dark blue eyes, leaning toward camera, posing, short blonde hair, black dress, loose at top, from above",good_423.jpg,bad_423.jpg,12734
424,Astronaut in a massive colorful space,good_424.jpg,bad_424.jpg,12779
425,"Photo of a young woman enchanting in her white blouse, stands poised on a cliff's edge. Blurred forest unfurls behind her, highlighting her allure that could topple marriages",good_425.jpg,bad_425.jpg,12829
426,"close-up 3d render of hyper real iridescent gummy translucent gelatinous gristly gel, satin, silk, blue+yellow+green+orange+pink inverted, ultra realistic, highly detailed, 8k",good_426.jpg,bad_426.jpg,12862
427,little red riding hood in the forest,good_427.jpg,bad_427.jpg,12865
428,exploring the road that is created by the cellular automaton and leads to the horizon,good_428.jpg,bad_428.jpg,12870
429,"Mystical, otherworldly landscapes bathed in soft, celestial light",good_429.jpg,bad_429.jpg,12882
430,"The sorceress stood in the midst of a dense forest, her skin is brown as the bark of the ancient trees that surrounded her. Her green hair was a vibrant green, the same hue as the fresh leaves of the forest canopy above. As she moved, her movements melded seamlessly into the surroundings, almost as if she herself was a part of the forest. The air around her was thick with the scent of damp earth and growing things, and the distant sound of a babbling brook could be heard in the background. Despite the seeming calmness of the scene, there was an undercurrent of magic that pulsed through the air, hinting at the true power of the sorceress and the hidden depths of the forest around her.",good_430.jpg,bad_430.jpg,12887
431,face woman in destiny2 hyperbeast,good_431.jpg,bad_431.jpg,12904
432,"swan by patty cormally swan painting, in the style of anna and elena balbusso, tom chambers, quirky collage, wandering eye, symbolic self-portraits, lowell herrero, multi-layered collage",good_432.jpg,bad_432.jpg,12907
433,decentralized watchtowers on peaks over the valley below,good_433.jpg,bad_433.jpg,12915
434,"a mysterious woman with concealed features, wearing a form-fitting tight stretchy white balaclava covering her nose and mouth and eyes",good_434.jpg,bad_434.jpg,12922
435,"colorful fluids rendered with blender 3d, dynamic, intricate visual",good_435.jpg,bad_435.jpg,12932
436,"cinematic still, fully bare beautiful teenage girl looking out the window of highly reflective stainless steel train in the forest, at sunset,",good_436.jpg,bad_436.jpg,12948
437,"analog photograph, zoomed out, dying anorexic young pale woman made out of a constellation, constellations on bones and hips and ribs",good_437.jpg,bad_437.jpg,12986
438,"A man holding a sign that says ""Double Trouble""",good_438.jpg,bad_438.jpg,13004
439,"Armageddon, mystical, fantastical, epically, magical",good_439.jpg,bad_439.jpg,13060
440,"masterpiece, best quality, high detailed, realistic, sharp focus, artstation, hyper realism, hand drawn line art, intricate, beautiful warrior, ebony woman, brown iris, detailed eyes, black ,  toned muscles, afro and dreadlock hairstyle, bronze necklace, ancient tribe bronze armor, big gauntlet, skull and bones ornament, fur accents heroic , , dark dungeon, epic , volumetric lighting, by joe madureira",good_440.jpg,bad_440.jpg,13064
441,little girl in side split belted enchantress dress,good_441.jpg,bad_441.jpg,13076
442,original insta post a realistic model face with makeup for a catwalk runway with futuristic summer inspirations,good_442.jpg,bad_442.jpg,13088
443,"pale pink haired goddess, wearing byzantine gown | fantasy, hyper-detailed, accurate anatomy, symmetrical facial features, sharp focus, volumetric lighting, 16k | karol bak, yoshitaka amano, tom Bagshaw, aurora, zbrush cel-shaded, cgsociety | ethereal beautiful astral vaporwave storybook illustration, dark fantasy",good_443.jpg,bad_443.jpg,13089
444,A remarkable landscape,good_444.jpg,bad_444.jpg,13114
445,"background color, color scheme",good_445.jpg,bad_445.jpg,13129
446,A ladybug spider crawling on a tree branch,good_446.jpg,bad_446.jpg,13212
447,anthropomorphic fox sitting at a table reading a book| a portrait| dressed in a robe| reading the newspaper| portrait of morning coffee| cinematic outfit photo| dusty library| late morning| actual photo,good_447.jpg,bad_447.jpg,13257
448,Sunset reflecting on a crystal ball,good_448.jpg,bad_448.jpg,13328
449,naturist 20 year-old Scarlett Johansson from Black Widow,good_449.jpg,bad_449.jpg,13329
450,"Walls that no man thought would fall, The altars of the just, Crushed, dust in the wind",good_450.jpg,bad_450.jpg,13332
451,"Androgynous cyborg, male",good_451.jpg,bad_451.jpg,13333
452,closeup of a woman showing her two hands,good_452.jpg,bad_452.jpg,13386
453,in meadow little girl pulling up her dress past thighs and smiling,good_453.jpg,bad_453.jpg,13390
454,"demon music industry executive, a demonic man in a suit",good_454.jpg,bad_454.jpg,13411
455,"beauty editorial image of a ford agency model, beauty dish lighting, 105mm f2.4",good_455.jpg,bad_455.jpg,13413
456,"Man alone, born of stone Will stamp the dust of time His hands strike the flame of his soul Ties a rope to a tree and hangs the Universe Until the winds of laughter blows cold",good_456.jpg,bad_456.jpg,13414
457,Black and white 1905 year futuristic portrait of old mad professional photographer with camera in hand in a desert sadly covered by mushrooms,good_457.jpg,bad_457.jpg,13426
458,Professional studio photography of bird with MANY colors,good_458.jpg,bad_458.jpg,13434
459,"Dynamic underwater ink art full body portrait by alberto seveso of a female stormtrooper  outfit in pastels and colorful fun intricate embellishments and geometric patterns and designs, nighttime, full moon, cute colorful lighting high definition, photography, cinematic, detailed character portrait, detailed and intricate environment, strong breeze, detailed and intricate environment",good_459.jpg,bad_459.jpg,13447
460,Beautiful black woman,good_460.jpg,bad_460.jpg,13500
461,"A robot holding a sign that reads ""IF is coming Never.""",good_461.jpg,bad_461.jpg,13517
462,A person doing a backflip,good_462.jpg,bad_462.jpg,13530
463,"rrealist portrait of female by david hockney and alphonse mucha,fantasy art, photo realistic, dynamic lighting, artstation, poster, volumetric lighting, very detailed faces, 4 k, a",good_463.jpg,bad_463.jpg,13535
464,"动漫,美少女",good_464.jpg,bad_464.jpg,13539
465,"masterpiece, best quality, high detailed, realistic, sharp focus, artstation, hyper realism, hand drawn line art, intricate, beautiful warrior, ebony woman, brown iris, detailed eyes, black ,  toned muscles, afro and dreadlock hairstyle, bronze necklace, ancient tribe bronze armor, big gauntlet, skull and bones ornament, fur accents heroic , , dark dungeon, epic , volumetric lighting, by joe madureira",good_465.jpg,bad_465.jpg,13541
466,"emilia clarke, photoreal, global illumination, dramatic lighting, sharp and detailed, canon eos 6d,",good_466.jpg,bad_466.jpg,13553
467,"beautiful girl created with midjourney, 8k, photoreal, global illumination, dramatic lighting. taken with canon eos 5d mark iv,",good_467.jpg,bad_467.jpg,13565
468,river through cavern chromatic aberration,good_468.jpg,bad_468.jpg,13584
469,Ether,good_469.jpg,bad_469.jpg,13598
470,"""a young man with short beard wearing a tshirt with ""tool"" on it and a british shorthair cat playing with magic the gathering cards on table in spooky forest"", epic colorful fantasy masterpiece artwork by Android Jones, Jean Baptiste monge, Alberto Seveso, Jeremy Mann, maximalist highly detailed professional photography, triadic colors, Unreal Engine 5, octane photograph, volumetric lighting, photorealism",good_470.jpg,bad_470.jpg,13607
471,millie bobby brown,good_471.jpg,bad_471.jpg,13610
472,"a young woman dressed in white in a high powered armor, in the style of chris cunningham, filip hodas, taylor wessing, neo-mosaic, hyper-realistic details, lovecraftian, hasselblad",good_472.jpg,bad_472.jpg,13638
473,Beautiful woman blonde hair color,good_473.jpg,bad_473.jpg,13645
474,"close-up of man and woman back to back looking in opposite directions, man is stern and determined, woman is longing and mournful, background is dusk redwoods in a foggy harrowing forest at twilight, in the style of ralph mcquarrie, wenjun lin, Dan Voinea, marc simonetti",good_474.jpg,bad_474.jpg,13650
475,Soldier in targeting mode,good_475.jpg,bad_475.jpg,13735
476,"Nice woman, prosperous woman, wetwhite shirt, white slip, portrait",good_476.jpg,bad_476.jpg,13804
477,A white lion on top of a mountain roaring in the sun.,good_477.jpg,bad_477.jpg,13830
478,woman in space covered with fluffy space nebula clouds,good_478.jpg,bad_478.jpg,13831
479,"a portrait shot of a afgan girl cute, deep blue eyes covered face real photo",good_479.jpg,bad_479.jpg,13847
480,the most beautiful fashion model,good_480.jpg,bad_480.jpg,13865
481,"insanely detailed portrait,female model, insane face details, perfect eyes,dof, dslr extremely intricate, high res,  8k,  award winning photography",good_481.jpg,bad_481.jpg,13894
482,face miss beauty geek,good_482.jpg,bad_482.jpg,13948
483,cactus made of bismuth,good_483.jpg,bad_483.jpg,13954
484,"a woman, with long flowing hair and a serene expression on her face. She appears to be lost in thought, lost in her own dreams and imaginings.",good_484.jpg,bad_484.jpg,13973
485,A haunting ultramaximalist photorealistic landscape of a withering cathedral during autumn.,good_485.jpg,bad_485.jpg,13996
486,"digital art illustration by wlop of an angel and a teen playing chess in a nineteenth century room, cinematic lighting, high quality, 8k, sharp focus, masterpiece, post-processing, soft bokeh,",good_486.jpg,bad_486.jpg,13998
487,Sunset reflecting on a crystal ball held by a mysterious figure,good_487.jpg,bad_487.jpg,14029
488,Astronaut in a massive colorful space,good_488.jpg,bad_488.jpg,14142
489,"A baroque oil painting of a solitary figure standing in the center of a vast alien landscape. nature energy atmosphere, universe cosmic nebula, ice blue shards, extremely detailed CG unity 8k wallpaper, dramatic, high quality, backlight, volumetric light, golden hour",good_489.jpg,bad_489.jpg,14153
490,Brunette cosmetologist in pink glasses with lollipop,good_490.jpg,bad_490.jpg,14190
491,A book with a cover of an image of a woman holding a book whose cover also shows a woman holding a book that has a cover with a woman holding a book,good_491.jpg,bad_491.jpg,14204
492,"Panavision-70 film still, massive extremely complex computer machine with wires and white entrails giving birth to very short hair anorexic cybernetic robotic young woman, complex biotech room, machine birthing unclad skinny young woman with short hair, vintage grainy 8mm photo",good_492.jpg,bad_492.jpg,14212
493,"digital art, full body, red eyes, yellow hands, ice blue body, demon, horror, creepy, by H. R. Giger, by Guillermo del Toro",good_493.jpg,bad_493.jpg,14247
494,"Steampunk, clockwork orange, close up beautiful woman, future, high details, full details, high resulution, dynamic lighting, rendering, photo realistic, lightroom gallery, Sony A1, 85mm",good_494.jpg,bad_494.jpg,14271
495,unicorn makeup,good_495.jpg,bad_495.jpg,14274
496,"photography by Douglas Kirkland, Eve Arnold and Bert Stern, photo portrait of Marylin Monroe, HD 4K, sharp detail, photo-realistic accurate face and features, studio lighting",good_496.jpg,bad_496.jpg,14307
497,"a misty jungle, full of wildlife, a little film grain, photographer in the distance, dramatic lighting",good_497.jpg,bad_497.jpg,14407
498,Alien the musical HR Giger,good_498.jpg,bad_498.jpg,14445
499,five decentralized watchtowers on peaks over the valley below  palmyra castle krak des chevaliers,good_499.jpg,bad_499.jpg,14458